Dataset,Model,R2_Score,RMSE,MAE
Ames,Lasso,0.8284132455898563,25261.328220499225,14652.12977040902
Ames,Random Forest,0.8891420375013483,20304.754739313295,14035.08813052528
Ames,XGBoost,0.9066569209098816,18631.82395794894,12864.2236328125
Malaysia,Lasso,0.32002520987512495,170804.5175278475,126424.88716681805
Malaysia,Random Forest,0.3714227452746448,164222.35587209056,118821.44270068756
Malaysia,XGBoost,0.4270598948538311,156786.10054718354,114488.23044797208
